Nome,Telefones,Emails
"Lojas Baratinha em Mongaguá, SP",(13) 3473-2080 | https://api.whatsapp.com/send?text=Ol%C3%A1%2C%20estou%20na%20p%C3%A1gina%20da%20empresa%20Lojas%20Baratinha%20%289430944%29%2C%20da%20cidade%20Mongagu%C3%A1%2C%20SP%20e%20gostaria%20de%20fazer%20uma%20sugest%C3%A3o%20de%20altera%C3%A7%C3%A3o.&phone=551431470223,
"MANIA DE ROUPAS em Mongaguá, SP",19222415000 | 5525501001,
Mongagua em Promoção no Magazine Luiza,2200599825 | 2200702805 | 2903775400 | 2906095900 | 731468-0000,
AM Roupas,(13) 99679-4742,
"Moda feminina, Roupas Femininas em MongaguÃ¡",(13) 3448-1109 | (13) 3448-2667 | (13) 3448-4543 | (13) 3448-5496 | (13) 3448-7424 | (13) 3506-2978 | (13) 3507-3264 | (13) 3507-3294 | (13) 3507-4824,
Kallan,https://api.whatsapp.com/send/?phone=5511910367002&text&type=phone_number&app_absent=0 | https://api.whatsapp.com/send/?phone=5511975524061&text&type=phone_number&app_absent=0,sac@kallan.com.br
Lojas Físicas Acqua Salina,(13) 981690807 | https://api.whatsapp.com/send?phone=5513981690807&text=Oi%2C%20tudo%20bem%3F%20Preciso%20de%20ajuda%20com%20meu%20pedido. | https://wa.me/5513981690807,acquasalina@acquasalina.com.br
Prefeitura de Mongaguá,(13) 3445-3000,
"Moda Social Feminina, Lojas de Roupas Sociais Femininas em MongaguÃ¡",(13) 3448-6243 | (13) 3507-2875,
Loja de Roupas Jeans Baixada e Grande São Paulo,(11) 5521-3504 | https://wa.me/551155213504,contato@acjeans.com.br
Roupa Feminina em Mongaguá,(12) 3631-2118,
"Aluguel de Roupas Recanto da Noiva em Mongaguá, SP",(13) 3507-4684,atendimento@listamais.com.br | atendimento@listamais.com.br?subject=contato através do site da lista mais
Center Castilho,11 2122-9898 | https://api.whatsapp.com/send?l=pt&phone=551121229898,televendas@centercastilho.com.br
"10 MELHORES Lojas de Roupas Unissex em Mongaguá, SP",(13) 3446-1996 | (13) 3448-1017 | (13) 3448-1248 | (13) 3448-1429 | (13) 3448-2669 | (13) 3448-5616 | (13) 3448-6061 | (13) 3448-7456 | (13) 3506-1580 | (13) 3506-2451 | (13) 3507-3714 | (13) 3507-4511,
